"index","old_name","new_name"
"001","IMG_20260703_122010.jpg","Y7M-WRONG-001.jpg"
"002","IMG_20260703_122022.jpg","Y7M-WRONG-002.jpg"
"003","IMG_20260703_122030.jpg","Y7M-WRONG-003.jpg"
"004","IMG_20260703_122048.jpg","Y7M-WRONG-004.jpg"
"005","IMG_20260703_122055.jpg","Y7M-WRONG-005.jpg"
"006","IMG_20260703_122102.jpg","Y7M-WRONG-006.jpg"
"007","IMG_20260703_122112.jpg","Y7M-WRONG-007.jpg"
"008","IMG_20260703_122211.jpg","Y7M-WRONG-008.jpg"
"009","IMG_20260703_123516.jpg","Y7M-WRONG-009.jpg"
"010","IMG_20260703_123525.jpg","Y7M-WRONG-010.jpg"
"011","IMG_20260703_123550.jpg","Y7M-WRONG-011.jpg"
"012","IMG_20260703_124017.jpg","Y7M-WRONG-012.jpg"
"013","IMG_20260703_124035.jpg","Y7M-WRONG-013.jpg"
"014","IMG_20260703_124042.jpg","Y7M-WRONG-014.jpg"
"015","IMG_20260703_124535.jpg","Y7M-WRONG-015.jpg"
"016","IMG_20260703_135931.jpg","Y7M-WRONG-016.jpg"
"017","IMG_20260703_140258.jpg","Y7M-WRONG-017.jpg"
"018","IMG_20260703_140304.jpg","Y7M-WRONG-018.jpg"
"019","IMG_20260703_140313.jpg","Y7M-WRONG-019.jpg"
"020","IMG_20260703_140326.jpg","Y7M-WRONG-020.jpg"
"021","IMG_20260703_140330.jpg","Y7M-WRONG-021.jpg"
"022","IMG_20260703_140335.jpg","Y7M-WRONG-022.jpg"
"023","IMG_20260703_140347.jpg","Y7M-WRONG-023.jpg"
"024","IMG_20260703_140354.jpg","Y7M-WRONG-024.jpg"
"025","IMG_20260703_140539.jpg","Y7M-WRONG-025.jpg"
"026","IMG_20260703_140544.jpg","Y7M-WRONG-026.jpg"
"027","IMG_20260703_140548.jpg","Y7M-WRONG-027.jpg"
"028","IMG_20260703_140739.jpg","Y7M-WRONG-028.jpg"
"029","IMG_20260703_142056.jpg","Y7M-WRONG-029.jpg"
"030","IMG_20260703_142107.jpg","Y7M-WRONG-030.jpg"
"031","IMG_20260703_142113.jpg","Y7M-WRONG-031.jpg"
"032","IMG_20260703_142123.jpg","Y7M-WRONG-032.jpg"
"033","IMG_20260703_142146.jpg","Y7M-WRONG-033.jpg"
"034","IMG_20260703_142157.jpg","Y7M-WRONG-034.jpg"
"035","IMG_20260703_142208.jpg","Y7M-WRONG-035.jpg"
"036","IMG_20260703_142221.jpg","Y7M-WRONG-036.jpg"
"037","IMG_20260703_142242.jpg","Y7M-WRONG-037.jpg"
"038","IMG_20260703_142247.jpg","Y7M-WRONG-038.jpg"
"039","IMG_20260703_142254.jpg","Y7M-WRONG-039.jpg"
"040","IMG_20260703_142258.jpg","Y7M-WRONG-040.jpg"
"041","IMG_20260703_142309.jpg","Y7M-WRONG-041.jpg"
"042","IMG_20260703_142315.jpg","Y7M-WRONG-042.jpg"
"043","IMG_20260703_142324.jpg","Y7M-WRONG-043.jpg"
"044","IMG_20260703_142340.jpg","Y7M-WRONG-044.jpg"
"045","IMG_20260703_142344.jpg","Y7M-WRONG-045.jpg"
"046","IMG_20260703_142357.jpg","Y7M-WRONG-046.jpg"
"047","IMG_20260703_142407.jpg","Y7M-WRONG-047.jpg"
"048","IMG_20260703_142415.jpg","Y7M-WRONG-048.jpg"
"049","IMG_20260703_142418.jpg","Y7M-WRONG-049.jpg"
"050","IMG_20260703_142429.jpg","Y7M-WRONG-050.jpg"
"051","IMG_20260703_142433.jpg","Y7M-WRONG-051.jpg"
"052","IMG_20260703_152418.jpg","Y7M-WRONG-052.jpg"
"053","IMG_20260703_152426.jpg","Y7M-WRONG-053.jpg"
"054","IMG_20260703_152439.jpg","Y7M-WRONG-054.jpg"
"055","IMG_20260703_152450.jpg","Y7M-WRONG-055.jpg"
"056","IMG_20260703_152458.jpg","Y7M-WRONG-056.jpg"
"057","IMG_20260703_152601.jpg","Y7M-WRONG-057.jpg"
"058","IMG_20260703_152605.jpg","Y7M-WRONG-058.jpg"
"059","IMG_20260703_152624.jpg","Y7M-WRONG-059.jpg"
"060","IMG_20260703_152720.jpg","Y7M-WRONG-060.jpg"
"061","IMG_20260703_152735.jpg","Y7M-WRONG-061.jpg"
"062","IMG_20260703_153223.jpg","Y7M-WRONG-062.jpg"
"063","IMG_20260703_153303.jpg","Y7M-WRONG-063.jpg"
"064","IMG_20260703_153316.jpg","Y7M-WRONG-064.jpg"
"065","IMG_20260703_153355.jpg","Y7M-WRONG-065.jpg"
"066","IMG_20260703_153408.jpg","Y7M-WRONG-066.jpg"
"067","IMG_20260703_153441.jpg","Y7M-WRONG-067.jpg"
"068","IMG_20260703_153459.jpg","Y7M-WRONG-068.jpg"
"069","IMG_20260703_153507.jpg","Y7M-WRONG-069.jpg"
"070","IMG_20260703_153515.jpg","Y7M-WRONG-070.jpg"
"071","IMG_20260703_153624.jpg","Y7M-WRONG-071.jpg"
"072","IMG_20260703_153631.jpg","Y7M-WRONG-072.jpg"
"073","IMG_20260703_153815.jpg","Y7M-WRONG-073.jpg"
"074","IMG_20260703_153822.jpg","Y7M-WRONG-074.jpg"
"075","IMG_20260703_153937.jpg","Y7M-WRONG-075.jpg"
"076","IMG_20260703_175855.jpg","Y7M-WRONG-076.jpg"
"077","IMG_20260703_175915.jpg","Y7M-WRONG-077.jpg"
"078","IMG_20260703_175928.jpg","Y7M-WRONG-078.jpg"
"079","IMG_20260703_175936.jpg","Y7M-WRONG-079.jpg"
"080","IMG_20260703_175949.jpg","Y7M-WRONG-080.jpg"
"081","IMG_20260703_175955.jpg","Y7M-WRONG-081.jpg"
"082","IMG_20260703_180003.jpg","Y7M-WRONG-082.jpg"
"083","IMG_20260703_180012.jpg","Y7M-WRONG-083.jpg"
"084","IMG_20260703_180023.jpg","Y7M-WRONG-084.jpg"
